<metadata xml:lang="en"><Esri><CreaDate>20240405</CreaDate><CreaTime>15552900</CreaTime><ArcGISFormat>1.0</ArcGISFormat><SyncOnce>FALSE</SyncOnce><RematchLocator>https://geocode.arcgis.com/arcgis/rest/services/World/GeocodeServer/ArcGIS World Geocoding Service<Category Locator="Review">Address</Category><Description Locator="Review">::</Description><PORTALURL Locator="Review">https://www.arcgis.com/</PORTALURL><DOCPATH Locator="Review">::</DOCPATH><Referer Locator="Review">http://www.esri.com/AGO/8AD07087-9C0E-4C8F-B890-390C80A4203F</Referer><ISFILTERLOCATOR Locator="Review">FALSE</ISFILTERLOCATOR><ISEAGLELOCATOR Locator="Review">TRUE</ISEAGLELOCATOR><ISAGOWORLDLOCATOR Locator="Review">TRUE</ISAGOWORLDLOCATOR><CLSID Locator="Review">{92B913C2-FDF2-46D1-9D69-58F6711FE468}</CLSID><capabilities Locator="Review">Geocode,ReverseGeocode,Suggest</capabilities><NumThreads Locator="Review">0</NumThreads><MinimumMatchScore Locator="Review">75</MinimumMatchScore><MinimumCandidateScore Locator="Review">70</MinimumCandidateScore><supportsBatchOutFields Locator="Review">-1</supportsBatchOutFields><RequestTimeout Locator="Review">60</RequestTimeout><InTable Locator="Review">::</InTable><InKeyColumns Locator="Review">::</InKeyColumns><InColumns Locator="Review">IN_SingleLine</InColumns><OutTable Locator="Review">::</OutTable><OutKeyColumns Locator="Review">::</OutKeyColumns><OutColumns Locator="Review">Loc_name</OutColumns><OutColumns Locator="Review">Shape</OutColumns><OutColumns Locator="Review">Status</OutColumns><OutColumns Locator="Review">Score</OutColumns><OutColumns Locator="Review">Match_addr</OutColumns><OutColumns Locator="Review">LongLabel</OutColumns><OutColumns Locator="Review">ShortLabel</OutColumns><OutColumns Locator="Review">Addr_type</OutColumns><OutColumns Locator="Review">Type</OutColumns><OutColumns Locator="Review">PlaceName</OutColumns><OutColumns Locator="Review">Place_addr</OutColumns><OutColumns Locator="Review">Phone</OutColumns><OutColumns Locator="Review">URL</OutColumns><OutColumns Locator="Review">Rank</OutColumns><OutColumns Locator="Review">AddBldg</OutColumns><OutColumns Locator="Review">AddNum</OutColumns><OutColumns Locator="Review">AddNumFrom</OutColumns><OutColumns Locator="Review">AddNumTo</OutColumns><OutColumns Locator="Review">AddRange</OutColumns><OutColumns Locator="Review">Side</OutColumns><OutColumns Locator="Review">StPreDir</OutColumns><OutColumns Locator="Review">StPreType</OutColumns><OutColumns Locator="Review">StName</OutColumns><OutColumns Locator="Review">StType</OutColumns><OutColumns Locator="Review">StDir</OutColumns><OutColumns Locator="Review">BldgType</OutColumns><OutColumns Locator="Review">BldgName</OutColumns><OutColumns Locator="Review">LevelType</OutColumns><OutColumns Locator="Review">LevelName</OutColumns><OutColumns Locator="Review">UnitType</OutColumns><OutColumns Locator="Review">UnitName</OutColumns><OutColumns Locator="Review">SubAddr</OutColumns><OutColumns Locator="Review">StAddr</OutColumns><OutColumns Locator="Review">Block</OutColumns><OutColumns Locator="Review">Sector</OutColumns><OutColumns Locator="Review">Nbrhd</OutColumns><OutColumns Locator="Review">District</OutColumns><OutColumns Locator="Review">City</OutColumns><OutColumns Locator="Review">MetroArea</OutColumns><OutColumns Locator="Review">Subregion</OutColumns><OutColumns Locator="Review">Region</OutColumns><OutColumns Locator="Review">RegionAbbr</OutColumns><OutColumns Locator="Review">Territory</OutColumns><OutColumns Locator="Review">Zone</OutColumns><OutColumns Locator="Review">Postal</OutColumns><OutColumns Locator="Review">PostalExt</OutColumns><OutColumns Locator="Review">Country</OutColumns><OutColumns Locator="Review">CntryName</OutColumns><OutColumns Locator="Review">LangCode</OutColumns><OutColumns Locator="Review">Distance</OutColumns><OutColumns Locator="Review">X</OutColumns><OutColumns Locator="Review">Y</OutColumns><OutColumns Locator="Review">DisplayX</OutColumns><OutColumns Locator="Review">DisplayY</OutColumns><OutColumns Locator="Review">Xmin</OutColumns><OutColumns Locator="Review">Xmax</OutColumns><OutColumns Locator="Review">Ymin</OutColumns><OutColumns Locator="Review">Ymax</OutColumns><OutColumns Locator="Review">ExInfo</OutColumns><sourceCountry Locator="Review">US</sourceCountry><locationType Locator="Review">ROOFTOP</locationType><Categories Locator="Review">Address</Categories></RematchLocator><DataProperties><lineage><Process ToolSource="c:\program files\arcgis\pro\Resources\ArcToolbox\Toolboxes\Geocoding Tools.tbx\GeocodeAddresses" Date="20240405" Time="155529">GeocodeAddresses cooling_centers.csv "https://geocode.arcgis.com/arcgis/rest/services/World/GeocodeServer/ArcGIS World Geocoding Service" "'Single Line Input' address VISIBLE NONE" C:\Users\babyn\OneDrive\Desktop\Senior_Project_Seminar\Project\Maps\cooling_centers\cooling_centers.gdb\cooling_centers_Geocoded STATIC US "Address location" Address All</Process><Process ToolSource="c:\program files\arcgis\pro\Resources\ArcToolbox\Toolboxes\Conversion Tools.tbx\ExportFeatures" Date="20240405" Time="160047">ExportFeatures cooling_centers_Geocoded C:\Users\babyn\OneDrive\Desktop\Senior_Project_Seminar\Project\Data\cooling_centers\cooling_centers_geocoded.shp # NOT_USE_ALIAS "Loc_name "Loc_name" true true false 20 Text 0 0,First,#,cooling_centers_Geocoded,Loc_name,0,19;Status "Status" true true false 1 Text 0 0,First,#,cooling_centers_Geocoded,Status,0,0;Score "Score" true true false 8 Double 0 0,First,#,cooling_centers_Geocoded,Score,-1,-1;Match_type "Match_type" true true false 2 Text 0 0,First,#,cooling_centers_Geocoded,Match_type,0,1;Match_addr "Match_addr" true true false 500 Text 0 0,First,#,cooling_centers_Geocoded,Match_addr,0,499;LongLabel "LongLabel" true true false 500 Text 0 0,First,#,cooling_centers_Geocoded,LongLabel,0,499;ShortLabel "ShortLabel" true true false 500 Text 0 0,First,#,cooling_centers_Geocoded,ShortLabel,0,499;Addr_type "Addr_type" true true false 20 Text 0 0,First,#,cooling_centers_Geocoded,Addr_type,0,19;Type "Type" true true false 50 Text 0 0,First,#,cooling_centers_Geocoded,Type,0,49;PlaceName "PlaceName" true true false 200 Text 0 0,First,#,cooling_centers_Geocoded,PlaceName,0,199;Place_addr "Place_addr" true true false 500 Text 0 0,First,#,cooling_centers_Geocoded,Place_addr,0,499;Phone "Phone" true true false 25 Text 0 0,First,#,cooling_centers_Geocoded,Phone,0,24;URL "URL" true true false 250 Text 0 0,First,#,cooling_centers_Geocoded,URL,0,249;Rank "Rank" true true false 8 Double 0 0,First,#,cooling_centers_Geocoded,Rank,-1,-1;AddBldg "BuildingName" true true false 125 Text 0 0,First,#,cooling_centers_Geocoded,AddBldg,0,124;AddNum "AddressNumber" true true false 50 Text 0 0,First,#,cooling_centers_Geocoded,AddNum,0,49;AddNumFrom "AddNumFrom" true true false 50 Text 0 0,First,#,cooling_centers_Geocoded,AddNumFrom,0,49;AddNumTo "AddNumTo" true true false 50 Text 0 0,First,#,cooling_centers_Geocoded,AddNumTo,0,49;AddRange "AddressRange" true true false 100 Text 0 0,First,#,cooling_centers_Geocoded,AddRange,0,99;Side "Side" true true false 1 Text 0 0,First,#,cooling_centers_Geocoded,Side,0,0;StPreDir "StPreDir" true true false 5 Text 0 0,First,#,cooling_centers_Geocoded,StPreDir,0,4;StPreType "StPreType" true true false 50 Text 0 0,First,#,cooling_centers_Geocoded,StPreType,0,49;StName "StName" true true false 125 Text 0 0,First,#,cooling_centers_Geocoded,StName,0,124;StType "StType" true true false 30 Text 0 0,First,#,cooling_centers_Geocoded,StType,0,29;StDir "StDir" true true false 20 Text 0 0,First,#,cooling_centers_Geocoded,StDir,0,19;BldgType "BldgType" true true false 20 Text 0 0,First,#,cooling_centers_Geocoded,BldgType,0,19;BldgName "BldgName" true true false 50 Text 0 0,First,#,cooling_centers_Geocoded,BldgName,0,49;LevelType "LevelType" true true false 20 Text 0 0,First,#,cooling_centers_Geocoded,LevelType,0,19;LevelName "LevelName" true true false 50 Text 0 0,First,#,cooling_centers_Geocoded,LevelName,0,49;UnitType "UnitType" true true false 20 Text 0 0,First,#,cooling_centers_Geocoded,UnitType,0,19;UnitName "UnitName" true true false 50 Text 0 0,First,#,cooling_centers_Geocoded,UnitName,0,49;SubAddr "SubAddress" true true false 250 Text 0 0,First,#,cooling_centers_Geocoded,SubAddr,0,249;StAddr "StAddr" true true false 300 Text 0 0,First,#,cooling_centers_Geocoded,StAddr,0,299;Block "Block" true true false 120 Text 0 0,First,#,cooling_centers_Geocoded,Block,0,119;Sector "Sector" true true false 120 Text 0 0,First,#,cooling_centers_Geocoded,Sector,0,119;Nbrhd "Neighborhood" true true false 120 Text 0 0,First,#,cooling_centers_Geocoded,Nbrhd,0,119;District "District" true true false 120 Text 0 0,First,#,cooling_centers_Geocoded,District,0,119;City "City" true true false 120 Text 0 0,First,#,cooling_centers_Geocoded,City,0,119;MetroArea "MetroArea" true true false 120 Text 0 0,First,#,cooling_centers_Geocoded,MetroArea,0,119;Subregion "Subregion" true true false 120 Text 0 0,First,#,cooling_centers_Geocoded,Subregion,0,119;Region "Region" true true false 120 Text 0 0,First,#,cooling_centers_Geocoded,Region,0,119;RegionAbbr "RegionAbbr" true true false 50 Text 0 0,First,#,cooling_centers_Geocoded,RegionAbbr,0,49;Territory "Territory" true true false 120 Text 0 0,First,#,cooling_centers_Geocoded,Territory,0,119;Zone "Zone" true true false 100 Text 0 0,First,#,cooling_centers_Geocoded,Zone,0,99;Postal "Postal" true true false 20 Text 0 0,First,#,cooling_centers_Geocoded,Postal,0,19;PostalExt "PostalExt" true true false 10 Text 0 0,First,#,cooling_centers_Geocoded,PostalExt,0,9;Country "Country" true true false 30 Text 0 0,First,#,cooling_centers_Geocoded,Country,0,29;CntryName "CountryName" true true false 100 Text 0 0,First,#,cooling_centers_Geocoded,CntryName,0,99;LangCode "LangCode" true true false 5 Text 0 0,First,#,cooling_centers_Geocoded,LangCode,0,4;Distance "Distance" true true false 8 Double 0 0,First,#,cooling_centers_Geocoded,Distance,-1,-1;X "X" true true false 8 Double 0 0,First,#,cooling_centers_Geocoded,X,-1,-1;Y "Y" true true false 8 Double 0 0,First,#,cooling_centers_Geocoded,Y,-1,-1;DisplayX "DisplayX" true true false 8 Double 0 0,First,#,cooling_centers_Geocoded,DisplayX,-1,-1;DisplayY "DisplayY" true true false 8 Double 0 0,First,#,cooling_centers_Geocoded,DisplayY,-1,-1;Xmin "Xmin" true true false 8 Double 0 0,First,#,cooling_centers_Geocoded,Xmin,-1,-1;Xmax "Xmax" true true false 8 Double 0 0,First,#,cooling_centers_Geocoded,Xmax,-1,-1;Ymin "Ymin" true true false 8 Double 0 0,First,#,cooling_centers_Geocoded,Ymin,-1,-1;Ymax "Ymax" true true false 8 Double 0 0,First,#,cooling_centers_Geocoded,Ymax,-1,-1;ExInfo "ExtraInfo" true true false 500 Text 0 0,First,#,cooling_centers_Geocoded,ExInfo,0,499;IN_SingleLine "Single Line Input" true true false 200 Text 0 0,First,#,cooling_centers_Geocoded,IN_SingleLine,0,199;USER_id "id" true true false 4 Long 0 0,First,#,cooling_centers_Geocoded,USER_id,-1,-1;USER_name "name" true true false 8000 Text 0 0,First,#,cooling_centers_Geocoded,USER_name,0,7999;USER_address "address" true true false 8000 Text 0 0,First,#,cooling_centers_Geocoded,USER_address,0,7999;USER_st_address "st_address" true true false 8000 Text 0 0,First,#,cooling_centers_Geocoded,USER_st_address,0,7999;USER_city "city" true true false 8000 Text 0 0,First,#,cooling_centers_Geocoded,USER_city,0,7999;USER_state "state" true true false 8000 Text 0 0,First,#,cooling_centers_Geocoded,USER_state,0,7999;USER_zip "zip" true true false 4 Long 0 0,First,#,cooling_centers_Geocoded,USER_zip,-1,-1" #</Process><Process ToolSource="c:\program files\arcgis\pro\Resources\ArcToolbox\toolboxes\Data Management Tools.tbx\DefineProjection" Date="20240426" Time="114152">DefineProjection cooling_centers_geocoded PROJCS["NAD_1983_UTM_Zone_15N",GEOGCS["GCS_North_American_1983",DATUM["D_North_American_1983",SPHEROID["GRS_1980",6378137.0,298.257222101]],PRIMEM["Greenwich",0.0],UNIT["Degree",0.0174532925199433]],PROJECTION["Transverse_Mercator"],PARAMETER["False_Easting",500000.0],PARAMETER["False_Northing",0.0],PARAMETER["Central_Meridian",-93.0],PARAMETER["Scale_Factor",0.9996],PARAMETER["Latitude_Of_Origin",0.0],UNIT["Meter",1.0]]</Process></lineage><itemProps><itemName Sync="TRUE">cooling_centers_geocoded</itemName><imsContentType Sync="TRUE">002</imsContentType><itemSize Sync="TRUE">0.000</itemSize><itemLocation><linkage Sync="TRUE">file://\\DESKTOP-VD02J3T\C$\Users\babyn\OneDrive\Desktop\Senior_Project_Seminar\Project\Data\cooling_centers\cooling_centers_geocoded.shp</linkage><protocol Sync="TRUE">Local Area Network</protocol></itemLocation></itemProps><coordRef><type Sync="TRUE">Geographic</type><geogcsn Sync="TRUE">GCS_WGS_1984</geogcsn><csUnits Sync="TRUE">Angular Unit: Degree (0.017453)</csUnits><peXml Sync="TRUE">&lt;GeographicCoordinateSystem xsi:type='typens:GeographicCoordinateSystem' xmlns:xsi='http://www.w3.org/2001/XMLSchema-instance' xmlns:xs='http://www.w3.org/2001/XMLSchema' xmlns:typens='http://www.esri.com/schemas/ArcGIS/3.2.0'&gt;&lt;WKT&gt;GEOGCS[&amp;quot;GCS_WGS_1984&amp;quot;,DATUM[&amp;quot;D_WGS_1984&amp;quot;,SPHEROID[&amp;quot;WGS_1984&amp;quot;,6378137.0,298.257223563]],PRIMEM[&amp;quot;Greenwich&amp;quot;,0.0],UNIT[&amp;quot;Degree&amp;quot;,0.0174532925199433],AUTHORITY[&amp;quot;EPSG&amp;quot;,4326]]&lt;/WKT&gt;&lt;XOrigin&gt;-400&lt;/XOrigin&gt;&lt;YOrigin&gt;-400&lt;/YOrigin&gt;&lt;XYScale&gt;11258999068426.238&lt;/XYScale&gt;&lt;ZOrigin&gt;-100000&lt;/ZOrigin&gt;&lt;ZScale&gt;10000&lt;/ZScale&gt;&lt;MOrigin&gt;-100000&lt;/MOrigin&gt;&lt;MScale&gt;10000&lt;/MScale&gt;&lt;XYTolerance&gt;8.983152841195215e-09&lt;/XYTolerance&gt;&lt;ZTolerance&gt;0.001&lt;/ZTolerance&gt;&lt;MTolerance&gt;0.001&lt;/MTolerance&gt;&lt;HighPrecision&gt;true&lt;/HighPrecision&gt;&lt;LeftLongitude&gt;-180&lt;/LeftLongitude&gt;&lt;WKID&gt;4326&lt;/WKID&gt;&lt;LatestWKID&gt;4326&lt;/LatestWKID&gt;&lt;/GeographicCoordinateSystem&gt;</peXml></coordRef></DataProperties><SyncDate>20240405</SyncDate><SyncTime>16004700</SyncTime><ModDate>20240405</ModDate><ModTime>16004700</ModTime></Esri><dataIdInfo><envirDesc Sync="TRUE">Microsoft Windows 10 Version 10.0 (Build 22621) ; Esri ArcGIS 13.2.0.49743</envirDesc><dataLang><languageCode value="eng" Sync="TRUE"></languageCode><countryCode value="USA" Sync="TRUE"></countryCode></dataLang><idCitation><resTitle Sync="TRUE">cooling_centers_geocoded</resTitle><presForm><PresFormCd value="005" Sync="TRUE"></PresFormCd></presForm></idCitation><spatRpType><SpatRepTypCd value="001" Sync="TRUE"></SpatRepTypCd></spatRpType></dataIdInfo><mdLang><languageCode value="eng" Sync="TRUE"></languageCode><countryCode value="USA" Sync="TRUE"></countryCode></mdLang><distInfo><distFormat><formatName Sync="TRUE">Shapefile</formatName></distFormat><distTranOps><transSize Sync="TRUE">0.000</transSize></distTranOps></distInfo><mdHrLv><ScopeCd value="005" Sync="TRUE"></ScopeCd></mdHrLv><mdHrLvName Sync="TRUE">dataset</mdHrLvName><refSysInfo><RefSystem><refSysID><identCode code="4326" Sync="TRUE"></identCode><idCodeSpace Sync="TRUE">EPSG</idCodeSpace><idVersion Sync="TRUE">6.2(3.0.1)</idVersion></refSysID></RefSystem></refSysInfo><spatRepInfo><VectSpatRep><geometObjs Name="cooling_centers_geocoded"><geoObjTyp><GeoObjTypCd value="004" Sync="TRUE"></GeoObjTypCd></geoObjTyp><geoObjCnt Sync="TRUE">0</geoObjCnt></geometObjs><topLvl><TopoLevCd value="001" Sync="TRUE"></TopoLevCd></topLvl></VectSpatRep></spatRepInfo><spdoinfo><ptvctinf><esriterm Name="cooling_centers_geocoded"><efeatyp Sync="TRUE">Simple</efeatyp><efeageom code="1" Sync="TRUE"></efeageom><esritopo Sync="TRUE">FALSE</esritopo><efeacnt Sync="TRUE">0</efeacnt><spindex Sync="TRUE">FALSE</spindex><linrefer Sync="TRUE">FALSE</linrefer></esriterm></ptvctinf></spdoinfo><eainfo><detailed Name="cooling_centers_geocoded"><enttyp><enttypl Sync="TRUE">cooling_centers_geocoded</enttypl><enttypt Sync="TRUE">Feature Class</enttypt><enttypc Sync="TRUE">0</enttypc></enttyp><attr><attrlabl Sync="TRUE">FID</attrlabl><attalias Sync="TRUE">FID</attalias><attrtype Sync="TRUE">OID</attrtype><attwidth Sync="TRUE">4</attwidth><atprecis Sync="TRUE">0</atprecis><attscale Sync="TRUE">0</attscale><attrdef Sync="TRUE">Internal feature number.</attrdef><attrdefs Sync="TRUE">Esri</attrdefs><attrdomv><udom Sync="TRUE">Sequential unique whole numbers that are automatically generated.</udom></attrdomv></attr><attr><attrlabl Sync="TRUE">Shape</attrlabl><attalias Sync="TRUE">Shape</attalias><attrtype Sync="TRUE">Geometry</attrtype><attwidth Sync="TRUE">0</attwidth><atprecis Sync="TRUE">0</atprecis><attscale Sync="TRUE">0</attscale><attrdef Sync="TRUE">Feature geometry.</attrdef><attrdefs Sync="TRUE">Esri</attrdefs><attrdomv><udom Sync="TRUE">Coordinates defining the features.</udom></attrdomv></attr><attr><attrlabl Sync="TRUE">Loc_name</attrlabl><attalias Sync="TRUE">Loc_name</attalias><attrtype Sync="TRUE">String</attrtype><attwidth Sync="TRUE">20</attwidth><atprecis Sync="TRUE">0</atprecis><attscale Sync="TRUE">0</attscale></attr><attr><attrlabl Sync="TRUE">Status</attrlabl><attalias Sync="TRUE">Status</attalias><attrtype Sync="TRUE">String</attrtype><attwidth Sync="TRUE">1</attwidth><atprecis Sync="TRUE">0</atprecis><attscale Sync="TRUE">0</attscale></attr><attr><attrlabl Sync="TRUE">Score</attrlabl><attalias Sync="TRUE">Score</attalias><attrtype Sync="TRUE">Double</attrtype><attwidth Sync="TRUE">19</attwidth><atprecis Sync="TRUE">0</atprecis><attscale Sync="TRUE">0</attscale></attr><attr><attrlabl Sync="TRUE">Match_type</attrlabl><attalias Sync="TRUE">Match_type</attalias><attrtype Sync="TRUE">String</attrtype><attwidth Sync="TRUE">2</attwidth><atprecis Sync="TRUE">0</atprecis><attscale Sync="TRUE">0</attscale></attr><attr><attrlabl Sync="TRUE">Match_addr</attrlabl><attalias Sync="TRUE">Match_addr</attalias><attrtype Sync="TRUE">String</attrtype><attwidth Sync="TRUE">254</attwidth><atprecis Sync="TRUE">0</atprecis><attscale Sync="TRUE">0</attscale></attr><attr><attrlabl Sync="TRUE">LongLabel</attrlabl><attalias Sync="TRUE">LongLabel</attalias><attrtype Sync="TRUE">String</attrtype><attwidth Sync="TRUE">254</attwidth><atprecis Sync="TRUE">0</atprecis><attscale Sync="TRUE">0</attscale></attr><attr><attrlabl Sync="TRUE">ShortLabel</attrlabl><attalias Sync="TRUE">ShortLabel</attalias><attrtype Sync="TRUE">String</attrtype><attwidth Sync="TRUE">254</attwidth><atprecis Sync="TRUE">0</atprecis><attscale Sync="TRUE">0</attscale></attr><attr><attrlabl Sync="TRUE">Addr_type</attrlabl><attalias Sync="TRUE">Addr_type</attalias><attrtype Sync="TRUE">String</attrtype><attwidth Sync="TRUE">20</attwidth><atprecis Sync="TRUE">0</atprecis><attscale Sync="TRUE">0</attscale></attr><attr><attrlabl Sync="TRUE">Type</attrlabl><attalias Sync="TRUE">Type</attalias><attrtype Sync="TRUE">String</attrtype><attwidth Sync="TRUE">50</attwidth><atprecis Sync="TRUE">0</atprecis><attscale Sync="TRUE">0</attscale></attr><attr><attrlabl Sync="TRUE">PlaceName</attrlabl><attalias Sync="TRUE">PlaceName</attalias><attrtype Sync="TRUE">String</attrtype><attwidth Sync="TRUE">200</attwidth><atprecis Sync="TRUE">0</atprecis><attscale Sync="TRUE">0</attscale></attr><attr><attrlabl Sync="TRUE">Place_addr</attrlabl><attalias Sync="TRUE">Place_addr</attalias><attrtype Sync="TRUE">String</attrtype><attwidth Sync="TRUE">254</attwidth><atprecis Sync="TRUE">0</atprecis><attscale Sync="TRUE">0</attscale></attr><attr><attrlabl Sync="TRUE">Phone</attrlabl><attalias Sync="TRUE">Phone</attalias><attrtype Sync="TRUE">String</attrtype><attwidth Sync="TRUE">25</attwidth><atprecis Sync="TRUE">0</atprecis><attscale Sync="TRUE">0</attscale></attr><attr><attrlabl Sync="TRUE">URL</attrlabl><attalias Sync="TRUE">URL</attalias><attrtype Sync="TRUE">String</attrtype><attwidth Sync="TRUE">250</attwidth><atprecis Sync="TRUE">0</atprecis><attscale Sync="TRUE">0</attscale></attr><attr><attrlabl Sync="TRUE">Rank</attrlabl><attalias Sync="TRUE">Rank</attalias><attrtype Sync="TRUE">Double</attrtype><attwidth Sync="TRUE">19</attwidth><atprecis Sync="TRUE">0</atprecis><attscale Sync="TRUE">0</attscale></attr><attr><attrlabl Sync="TRUE">AddBldg</attrlabl><attalias Sync="TRUE">AddBldg</attalias><attrtype Sync="TRUE">String</attrtype><attwidth Sync="TRUE">125</attwidth><atprecis Sync="TRUE">0</atprecis><attscale Sync="TRUE">0</attscale></attr><attr><attrlabl Sync="TRUE">AddNum</attrlabl><attalias Sync="TRUE">AddNum</attalias><attrtype Sync="TRUE">String</attrtype><attwidth Sync="TRUE">50</attwidth><atprecis Sync="TRUE">0</atprecis><attscale Sync="TRUE">0</attscale></attr><attr><attrlabl Sync="TRUE">AddNumFrom</attrlabl><attalias Sync="TRUE">AddNumFrom</attalias><attrtype Sync="TRUE">String</attrtype><attwidth Sync="TRUE">50</attwidth><atprecis Sync="TRUE">0</atprecis><attscale Sync="TRUE">0</attscale></attr><attr><attrlabl Sync="TRUE">AddNumTo</attrlabl><attalias Sync="TRUE">AddNumTo</attalias><attrtype Sync="TRUE">String</attrtype><attwidth Sync="TRUE">50</attwidth><atprecis Sync="TRUE">0</atprecis><attscale Sync="TRUE">0</attscale></attr><attr><attrlabl Sync="TRUE">AddRange</attrlabl><attalias Sync="TRUE">AddRange</attalias><attrtype Sync="TRUE">String</attrtype><attwidth Sync="TRUE">100</attwidth><atprecis Sync="TRUE">0</atprecis><attscale Sync="TRUE">0</attscale></attr><attr><attrlabl Sync="TRUE">Side</attrlabl><attalias Sync="TRUE">Side</attalias><attrtype Sync="TRUE">String</attrtype><attwidth Sync="TRUE">1</attwidth><atprecis Sync="TRUE">0</atprecis><attscale Sync="TRUE">0</attscale></attr><attr><attrlabl Sync="TRUE">StPreDir</attrlabl><attalias Sync="TRUE">StPreDir</attalias><attrtype Sync="TRUE">String</attrtype><attwidth Sync="TRUE">5</attwidth><atprecis Sync="TRUE">0</atprecis><attscale Sync="TRUE">0</attscale></attr><attr><attrlabl Sync="TRUE">StPreType</attrlabl><attalias Sync="TRUE">StPreType</attalias><attrtype Sync="TRUE">String</attrtype><attwidth Sync="TRUE">50</attwidth><atprecis Sync="TRUE">0</atprecis><attscale Sync="TRUE">0</attscale></attr><attr><attrlabl Sync="TRUE">StName</attrlabl><attalias Sync="TRUE">StName</attalias><attrtype Sync="TRUE">String</attrtype><attwidth Sync="TRUE">125</attwidth><atprecis Sync="TRUE">0</atprecis><attscale Sync="TRUE">0</attscale></attr><attr><attrlabl Sync="TRUE">StType</attrlabl><attalias Sync="TRUE">StType</attalias><attrtype Sync="TRUE">String</attrtype><attwidth Sync="TRUE">30</attwidth><atprecis Sync="TRUE">0</atprecis><attscale Sync="TRUE">0</attscale></attr><attr><attrlabl Sync="TRUE">StDir</attrlabl><attalias Sync="TRUE">StDir</attalias><attrtype Sync="TRUE">String</attrtype><attwidth Sync="TRUE">20</attwidth><atprecis Sync="TRUE">0</atprecis><attscale Sync="TRUE">0</attscale></attr><attr><attrlabl Sync="TRUE">BldgType</attrlabl><attalias Sync="TRUE">BldgType</attalias><attrtype Sync="TRUE">String</attrtype><attwidth Sync="TRUE">20</attwidth><atprecis Sync="TRUE">0</atprecis><attscale Sync="TRUE">0</attscale></attr><attr><attrlabl Sync="TRUE">BldgName</attrlabl><attalias Sync="TRUE">BldgName</attalias><attrtype Sync="TRUE">String</attrtype><attwidth Sync="TRUE">50</attwidth><atprecis Sync="TRUE">0</atprecis><attscale Sync="TRUE">0</attscale></attr><attr><attrlabl Sync="TRUE">LevelType</attrlabl><attalias Sync="TRUE">LevelType</attalias><attrtype Sync="TRUE">String</attrtype><attwidth Sync="TRUE">20</attwidth><atprecis Sync="TRUE">0</atprecis><attscale Sync="TRUE">0</attscale></attr><attr><attrlabl Sync="TRUE">LevelName</attrlabl><attalias Sync="TRUE">LevelName</attalias><attrtype Sync="TRUE">String</attrtype><attwidth Sync="TRUE">50</attwidth><atprecis Sync="TRUE">0</atprecis><attscale Sync="TRUE">0</attscale></attr><attr><attrlabl Sync="TRUE">UnitType</attrlabl><attalias Sync="TRUE">UnitType</attalias><attrtype Sync="TRUE">String</attrtype><attwidth Sync="TRUE">20</attwidth><atprecis Sync="TRUE">0</atprecis><attscale Sync="TRUE">0</attscale></attr><attr><attrlabl Sync="TRUE">UnitName</attrlabl><attalias Sync="TRUE">UnitName</attalias><attrtype Sync="TRUE">String</attrtype><attwidth Sync="TRUE">50</attwidth><atprecis Sync="TRUE">0</atprecis><attscale Sync="TRUE">0</attscale></attr><attr><attrlabl Sync="TRUE">SubAddr</attrlabl><attalias Sync="TRUE">SubAddr</attalias><attrtype Sync="TRUE">String</attrtype><attwidth Sync="TRUE">250</attwidth><atprecis Sync="TRUE">0</atprecis><attscale Sync="TRUE">0</attscale></attr><attr><attrlabl Sync="TRUE">StAddr</attrlabl><attalias Sync="TRUE">StAddr</attalias><attrtype Sync="TRUE">String</attrtype><attwidth Sync="TRUE">254</attwidth><atprecis Sync="TRUE">0</atprecis><attscale Sync="TRUE">0</attscale></attr><attr><attrlabl Sync="TRUE">Block</attrlabl><attalias Sync="TRUE">Block</attalias><attrtype Sync="TRUE">String</attrtype><attwidth Sync="TRUE">120</attwidth><atprecis Sync="TRUE">0</atprecis><attscale Sync="TRUE">0</attscale></attr><attr><attrlabl Sync="TRUE">Sector</attrlabl><attalias Sync="TRUE">Sector</attalias><attrtype Sync="TRUE">String</attrtype><attwidth Sync="TRUE">120</attwidth><atprecis Sync="TRUE">0</atprecis><attscale Sync="TRUE">0</attscale></attr><attr><attrlabl Sync="TRUE">Nbrhd</attrlabl><attalias Sync="TRUE">Nbrhd</attalias><attrtype Sync="TRUE">String</attrtype><attwidth Sync="TRUE">120</attwidth><atprecis Sync="TRUE">0</atprecis><attscale Sync="TRUE">0</attscale></attr><attr><attrlabl Sync="TRUE">District</attrlabl><attalias Sync="TRUE">District</attalias><attrtype Sync="TRUE">String</attrtype><attwidth Sync="TRUE">120</attwidth><atprecis Sync="TRUE">0</atprecis><attscale Sync="TRUE">0</attscale></attr><attr><attrlabl Sync="TRUE">City</attrlabl><attalias Sync="TRUE">City</attalias><attrtype Sync="TRUE">String</attrtype><attwidth Sync="TRUE">120</attwidth><atprecis Sync="TRUE">0</atprecis><attscale Sync="TRUE">0</attscale></attr><attr><attrlabl Sync="TRUE">MetroArea</attrlabl><attalias Sync="TRUE">MetroArea</attalias><attrtype Sync="TRUE">String</attrtype><attwidth Sync="TRUE">120</attwidth><atprecis Sync="TRUE">0</atprecis><attscale Sync="TRUE">0</attscale></attr><attr><attrlabl Sync="TRUE">Subregion</attrlabl><attalias Sync="TRUE">Subregion</attalias><attrtype Sync="TRUE">String</attrtype><attwidth Sync="TRUE">120</attwidth><atprecis Sync="TRUE">0</atprecis><attscale Sync="TRUE">0</attscale></attr><attr><attrlabl Sync="TRUE">Region</attrlabl><attalias Sync="TRUE">Region</attalias><attrtype Sync="TRUE">String</attrtype><attwidth Sync="TRUE">120</attwidth><atprecis Sync="TRUE">0</atprecis><attscale Sync="TRUE">0</attscale></attr><attr><attrlabl Sync="TRUE">RegionAbbr</attrlabl><attalias Sync="TRUE">RegionAbbr</attalias><attrtype Sync="TRUE">String</attrtype><attwidth Sync="TRUE">50</attwidth><atprecis Sync="TRUE">0</atprecis><attscale Sync="TRUE">0</attscale></attr><attr><attrlabl Sync="TRUE">Territory</attrlabl><attalias Sync="TRUE">Territory</attalias><attrtype Sync="TRUE">String</attrtype><attwidth Sync="TRUE">120</attwidth><atprecis Sync="TRUE">0</atprecis><attscale Sync="TRUE">0</attscale></attr><attr><attrlabl Sync="TRUE">Zone</attrlabl><attalias Sync="TRUE">Zone</attalias><attrtype Sync="TRUE">String</attrtype><attwidth Sync="TRUE">100</attwidth><atprecis Sync="TRUE">0</atprecis><attscale Sync="TRUE">0</attscale></attr><attr><attrlabl Sync="TRUE">Postal</attrlabl><attalias Sync="TRUE">Postal</attalias><attrtype Sync="TRUE">String</attrtype><attwidth Sync="TRUE">20</attwidth><atprecis Sync="TRUE">0</atprecis><attscale Sync="TRUE">0</attscale></attr><attr><attrlabl Sync="TRUE">PostalExt</attrlabl><attalias Sync="TRUE">PostalExt</attalias><attrtype Sync="TRUE">String</attrtype><attwidth Sync="TRUE">10</attwidth><atprecis Sync="TRUE">0</atprecis><attscale Sync="TRUE">0</attscale></attr><attr><attrlabl Sync="TRUE">Country</attrlabl><attalias Sync="TRUE">Country</attalias><attrtype Sync="TRUE">String</attrtype><attwidth Sync="TRUE">30</attwidth><atprecis Sync="TRUE">0</atprecis><attscale Sync="TRUE">0</attscale></attr><attr><attrlabl Sync="TRUE">CntryName</attrlabl><attalias Sync="TRUE">CntryName</attalias><attrtype Sync="TRUE">String</attrtype><attwidth Sync="TRUE">100</attwidth><atprecis Sync="TRUE">0</atprecis><attscale Sync="TRUE">0</attscale></attr><attr><attrlabl Sync="TRUE">LangCode</attrlabl><attalias Sync="TRUE">LangCode</attalias><attrtype Sync="TRUE">String</attrtype><attwidth Sync="TRUE">5</attwidth><atprecis Sync="TRUE">0</atprecis><attscale Sync="TRUE">0</attscale></attr><attr><attrlabl Sync="TRUE">Distance</attrlabl><attalias Sync="TRUE">Distance</attalias><attrtype Sync="TRUE">Double</attrtype><attwidth Sync="TRUE">19</attwidth><atprecis Sync="TRUE">0</atprecis><attscale Sync="TRUE">0</attscale></attr><attr><attrlabl Sync="TRUE">X</attrlabl><attalias Sync="TRUE">X</attalias><attrtype Sync="TRUE">Double</attrtype><attwidth Sync="TRUE">19</attwidth><atprecis Sync="TRUE">0</atprecis><attscale Sync="TRUE">0</attscale></attr><attr><attrlabl Sync="TRUE">Y</attrlabl><attalias Sync="TRUE">Y</attalias><attrtype Sync="TRUE">Double</attrtype><attwidth Sync="TRUE">19</attwidth><atprecis Sync="TRUE">0</atprecis><attscale Sync="TRUE">0</attscale></attr><attr><attrlabl Sync="TRUE">DisplayX</attrlabl><attalias Sync="TRUE">DisplayX</attalias><attrtype Sync="TRUE">Double</attrtype><attwidth Sync="TRUE">19</attwidth><atprecis Sync="TRUE">0</atprecis><attscale Sync="TRUE">0</attscale></attr><attr><attrlabl Sync="TRUE">DisplayY</attrlabl><attalias Sync="TRUE">DisplayY</attalias><attrtype Sync="TRUE">Double</attrtype><attwidth Sync="TRUE">19</attwidth><atprecis Sync="TRUE">0</atprecis><attscale Sync="TRUE">0</attscale></attr><attr><attrlabl Sync="TRUE">Xmin</attrlabl><attalias Sync="TRUE">Xmin</attalias><attrtype Sync="TRUE">Double</attrtype><attwidth Sync="TRUE">19</attwidth><atprecis Sync="TRUE">0</atprecis><attscale Sync="TRUE">0</attscale></attr><attr><attrlabl Sync="TRUE">Xmax</attrlabl><attalias Sync="TRUE">Xmax</attalias><attrtype Sync="TRUE">Double</attrtype><attwidth Sync="TRUE">19</attwidth><atprecis Sync="TRUE">0</atprecis><attscale Sync="TRUE">0</attscale></attr><attr><attrlabl Sync="TRUE">Ymin</attrlabl><attalias Sync="TRUE">Ymin</attalias><attrtype Sync="TRUE">Double</attrtype><attwidth Sync="TRUE">19</attwidth><atprecis Sync="TRUE">0</atprecis><attscale Sync="TRUE">0</attscale></attr><attr><attrlabl Sync="TRUE">Ymax</attrlabl><attalias Sync="TRUE">Ymax</attalias><attrtype Sync="TRUE">Double</attrtype><attwidth Sync="TRUE">19</attwidth><atprecis Sync="TRUE">0</atprecis><attscale Sync="TRUE">0</attscale></attr><attr><attrlabl Sync="TRUE">ExInfo</attrlabl><attalias Sync="TRUE">ExInfo</attalias><attrtype Sync="TRUE">String</attrtype><attwidth Sync="TRUE">254</attwidth><atprecis Sync="TRUE">0</atprecis><attscale Sync="TRUE">0</attscale></attr><attr><attrlabl Sync="TRUE">IN_SingleL</attrlabl><attalias Sync="TRUE">IN_SingleL</attalias><attrtype Sync="TRUE">String</attrtype><attwidth Sync="TRUE">200</attwidth><atprecis Sync="TRUE">0</atprecis><attscale Sync="TRUE">0</attscale></attr><attr><attrlabl Sync="TRUE">USER_id</attrlabl><attalias Sync="TRUE">USER_id</attalias><attrtype Sync="TRUE">Integer</attrtype><attwidth Sync="TRUE">10</attwidth><atprecis Sync="TRUE">10</atprecis><attscale Sync="TRUE">0</attscale></attr><attr><attrlabl Sync="TRUE">USER_name</attrlabl><attalias Sync="TRUE">USER_name</attalias><attrtype Sync="TRUE">String</attrtype><attwidth Sync="TRUE">254</attwidth><atprecis Sync="TRUE">0</atprecis><attscale Sync="TRUE">0</attscale></attr><attr><attrlabl Sync="TRUE">USER_addre</attrlabl><attalias Sync="TRUE">USER_addre</attalias><attrtype Sync="TRUE">String</attrtype><attwidth Sync="TRUE">254</attwidth><atprecis Sync="TRUE">0</atprecis><attscale Sync="TRUE">0</attscale></attr><attr><attrlabl Sync="TRUE">USER_st_ad</attrlabl><attalias Sync="TRUE">USER_st_ad</attalias><attrtype Sync="TRUE">String</attrtype><attwidth Sync="TRUE">254</attwidth><atprecis Sync="TRUE">0</atprecis><attscale Sync="TRUE">0</attscale></attr><attr><attrlabl Sync="TRUE">USER_city</attrlabl><attalias Sync="TRUE">USER_city</attalias><attrtype Sync="TRUE">String</attrtype><attwidth Sync="TRUE">254</attwidth><atprecis Sync="TRUE">0</atprecis><attscale Sync="TRUE">0</attscale></attr><attr><attrlabl Sync="TRUE">USER_state</attrlabl><attalias Sync="TRUE">USER_state</attalias><attrtype Sync="TRUE">String</attrtype><attwidth Sync="TRUE">254</attwidth><atprecis Sync="TRUE">0</atprecis><attscale Sync="TRUE">0</attscale></attr><attr><attrlabl Sync="TRUE">USER_zip</attrlabl><attalias Sync="TRUE">USER_zip</attalias><attrtype Sync="TRUE">Integer</attrtype><attwidth Sync="TRUE">10</attwidth><atprecis Sync="TRUE">10</atprecis><attscale Sync="TRUE">0</attscale></attr></detailed></eainfo><mdDateSt Sync="TRUE">20240405</mdDateSt></metadata>
